ID,Name,Age,Gender,City,Email,Join_Date,Salary
1,Allison Hill,58,Other,North Richardmouth,mlam@williams-graham.net,2024-02-12,100644
2,Noah Rhodes,25,Male,East Jamesside,ryan59@alvarado-martinez.com,2024-08-03,64438
3,Angie Henderson,19,Female,Taylorburgh,snguyen@yahoo.com,2021-03-08,106622
4,Daniel Wagner,35,Male,Stevenland,robertbentley@adkins.biz,2024-05-28,86155
5,Cristian Santos,33,Male,Mortonside,justin69@pena.com,2023-05-15,106484
6,Connie Lawrence,32,Male,North Deniseside,donnacampbell@hotmail.com,2023-11-18,82350
7,Abigail Shaffer,26,Female,North Sarabury,cardenaskaren@hotmail.com,2023-03-30,77447
8,Gina Moore,24,Female,South Todd,lindsayhernandez@gmail.com,2023-02-20,58746
9,Gabrielle Davis,52,Female,Port Richard,xcarr@gibson.org,2021-04-18,48131
10,Ryan Munoz,23,Other,East Nicholasfurt,psnyder@douglas.com,2021-10-10,96784
11,Monica Herrera,55,Female,Saramouth,gregoryrubio@hotmail.com,2023-03-19,94686
12,Jamie Arnold,45,Male,Rodneyside,grantsamantha@gmail.com,2023-11-28,41915
13,Lisa Hensley,20,Female,Mooreport,lauriecontreras@hotmail.com,2024-08-15,36175
14,Michele Williams,19,Female,North Beth,usalazar@hotmail.com,2022-11-10,44371
15,Dylan Miller,23,Male,Lake Leeton,vmerritt@yahoo.com,2023-10-25,50033